<?xml version="1.0" encoding="UTF-8"?>
<project-private xmlns="http://www.netbeans.org/ns/project-private/1">
    <editor-bookmarks xmlns="http://www.netbeans.org/ns/editor-bookmarks/2" lastBookmarkId="0"/>
    <open-files xmlns="http://www.netbeans.org/ns/projectui-open-files/2">
        <group>
            <file>file:/C:/MARIELA/gestion_II_2020/proyecto_ruben/Odontologia-master/src/odontologia/Registrar_Paciente.java</file>
            <file>file:/C:/MARIELA/gestion_II_2020/proyecto_ruben/Odontologia-master/src/odontologia/Consulta.java</file>
            <file>file:/C:/MARIELA/gestion_II_2020/proyecto_ruben/Odontologia-master/src/sql/conexionBD.java</file>
        </group>
    </open-files>
</project-private>
